tanggal,penyakit_tag,detected_diseases,event_types,severity_nlp,skor_ancaman,lokasi_mentah,level_lokasi,confidence_lokasi,admin_province,admin_kabkota,geocode_status,judul,sumber,link,final_url,summary,lat,lon
"Mon, 13 Apr 2026 07:42:44 GMT",DBD,DBD,,10,20,,none,0.0,,,EMPTY_LOC,Cara Mengatasi DBD pada Anak: Langkah Mudah Aman - Halodoc,Halodoc,https://news.google.com/rss/articles/CBMihgFBVV95cUxNQTA0bWZiR3VlaXplTHFFaFc2NHp2U1dRd2d6M2JZZlZreHNzWUZuSlBGNThocWJQemNCWWpjMFJ3d0U1VjR1d3lGUnE0MnJORTFZT2pLbTFaRUV2ZkNSNGpEVlRVY2RNMVVaNW5fVW9CeGQ4Y0pscmVudHJhZFRhdWg5emlmdw?oc=5,https://news.google.com/rss/articles/CBMihgFBVV95cUxNQTA0bWZiR3VlaXplTHFFaFc2NHp2U1dRd2d6M2JZZlZreHNzWUZuSlBGNThocWJQemNCWWpjMFJ3d0U1VjR1d3lGUnE0MnJORTFZT2pLbTFaRUV2ZkNSNGpEVlRVY2RNMVVaNW5fVW9CeGQ4Y0pscmVudHJhZFRhdWg5emlmdw?oc=5&hl=en-ID&gl=ID&ceid=ID:en,Cara Mengatasi DBD pada Anak: Langkah Mudah Aman Halodoc,,
"Tue, 14 Apr 2026 03:21:00 GMT",DBD,DBD,increase|case_report,40,45,Bali,province,0.75,Bali,,OK,"Kasus DBD Meningkat, Pemkab Buleleng Perkuat Penanganan dan Pencegahan - InfoPublik",InfoPublik,https://news.google.com/rss/articles/CBMiuAFBVV95cUxOcEVvWjBwb0pzXzFuMmlIVGt2WXNqd2hGQWNlRHI0TDVyQUlJTEgtMzA3d2lmbUVkOFBhanNzR2JGdGJMcGtuemt1S2t3dDRBUXlQZTEwc1ZpZng3dUNmc2FZMWpTWWdvWjJYQ1o5UnlCekNpYTJ0cFNMS3BQanZ1bnVhcXhLUGFIRHpqbU1ZaEs3bG52ZjJjZHVBT2ZVbjBHbGs5bjNMUWY5bTd0THR5aTdrUEJZRVVr?oc=5,https://news.google.com/rss/articles/CBMiuAFBVV95cUxOcEVvWjBwb0pzXzFuMmlIVGt2WXNqd2hGQWNlRHI0TDVyQUlJTEgtMzA3d2lmbUVkOFBhanNzR2JGdGJMcGtuemt1S2t3dDRBUXlQZTEwc1ZpZng3dUNmc2FZMWpTWWdvWjJYQ1o5UnlCekNpYTJ0cFNMS3BQanZ1bnVhcXhLUGFIRHpqbU1ZaEs3bG52ZjJjZHVBT2ZVbjBHbGs5bjNMUWY5bTd0THR5aTdrUEJZRVVr?oc=5&hl=en-ID&gl=ID&ceid=ID:en,"Kasus DBD Meningkat, Pemkab Buleleng Perkuat Penanganan dan Pencegahan InfoPublik",-8.2271303,115.1919203
"Sat, 18 Apr 2026 02:27:33 GMT",DBD,DBD,case_report,20,20,Banten,province,0.75,Banten,,OK,"Instruksi Wali Kota Helldy Berhasil, Kasus DBD di Kota Cilegon Turun pada Bulan Mei - Berita Cilegon",Berita Cilegon,https://news.google.com/rss/articles/CBMi1gFBVV95cUxPZzVMWFd1Y0stY2ZyYTBiS2ozRW80WVJrb2hXSElzdXN6RDFMODFtdmpkMFhyajNxeVo0YnZtX0VQVVFHcVdJb1NxMXRzWHhHc1dsQkI2Ql9iM1pSTkszdV9tWWkyblZrZUo4UXhFbllMWU1acnBYczNHbHlkVWVpMmhWOFRvZElSWUxDWENGc1RqemJhNy1feWZhZDNpU3ZpRDdLZDhUUVdIOHlCMS14T28zSVliVXVIQjlLZXowT2w5cHFUQmQyV202MWdVdjJjcUN0SktR?oc=5,https://news.google.com/rss/articles/CBMi1gFBVV95cUxPZzVMWFd1Y0stY2ZyYTBiS2ozRW80WVJrb2hXSElzdXN6RDFMODFtdmpkMFhyajNxeVo0YnZtX0VQVVFHcVdJb1NxMXRzWHhHc1dsQkI2Ql9iM1pSTkszdV9tWWkyblZrZUo4UXhFbllMWU1acnBYczNHbHlkVWVpMmhWOFRvZElSWUxDWENGc1RqemJhNy1feWZhZDNpU3ZpRDdLZDhUUVdIOHlCMS14T28zSVliVXVIQjlLZXowT2w5cHFUQmQyV202MWdVdjJjcUN0SktR?oc=5&hl=en-ID&gl=ID&ceid=ID:en,"Instruksi Wali Kota Helldy Berhasil, Kasus DBD di Kota Cilegon Turun pada Bulan Mei Berita Cilegon",-6.4453801,106.1375586
"Thu, 16 Apr 2026 07:24:17 GMT",DBD,DBD,case_report,25,25,Jambi,province,0.75,Jambi,,OK,Pemkot Jambi perkuat koordinasi tekan kasus DBD 2026 - ANTARA News Jambi,ANTARA News Jambi,https://news.google.com/rss/articles/CBMioAFBVV95cUxNM2RNQnZCVTd5ZTFQSmxiVUFGcmN3WkpUXzd3M2V3NmNXYUgzM1NZQWg3b2xPT2kzMXZ1amc5S2M4WkhyUnZScFBVbEJKUlYzN0NNQjFJT0FHREw4MlNkNTF4QkVOOUtNX2NLcTV1NmNkMFNwLWJMVUlScjBuY3h6ZVEtaFAyV25POFg4al9PaHRLaUVMZ3JCSXo4Y1M4bFN00gGgAUFVX3lxTE0zZE1CdkJVN3llMVBKbGJVQUZyY3daSlRfN3czZXc2Y1dhSDMzU1lBaDdvbE9PaTMxdnVqZzlLYzhaSHJSdlJwUFVsQkpSVjM3Q01CMUlPQUdETDgyU2Q1MXhCRU45S01fY0txNXU2Y2QwU3AtYkxVSVJyMG5jeHplUS1oUDJXbk84WDhqX09odEtpRUxnckJJejhjUzhsU3Q?oc=5,https://news.google.com/rss/articles/CBMioAFBVV95cUxNM2RNQnZCVTd5ZTFQSmxiVUFGcmN3WkpUXzd3M2V3NmNXYUgzM1NZQWg3b2xPT2kzMXZ1amc5S2M4WkhyUnZScFBVbEJKUlYzN0NNQjFJT0FHREw4MlNkNTF4QkVOOUtNX2NLcTV1NmNkMFNwLWJMVUlScjBuY3h6ZVEtaFAyV25POFg4al9PaHRLaUVMZ3JCSXo4Y1M4bFN00gGgAUFVX3lxTE0zZE1CdkJVN3llMVBKbGJVQUZyY3daSlRfN3czZXc2Y1dhSDMzU1lBaDdvbE9PaTMxdnVqZzlLYzhaSHJSdlJwUFVsQkpSVjM3Q01CMUlPQUdETDgyU2Q1MXhCRU45S01fY0txNXU2Y2QwU3AtYkxVSVJyMG5jeHplUS1oUDJXbk84WDhqX09odEtpRUxnckJJejhjUzhsU3Q?oc=5&hl=en-ID&gl=ID&ceid=ID:en,Pemkot Jambi perkuat koordinasi tekan kasus DBD 2026 ANTARA News Jambi,-1.7069965,102.7140041
"Wed, 15 Apr 2026 21:54:00 GMT",DBD,DBD,death|case_report,55,55,Kalimantan Timur,province,0.75,Kalimantan Timur,,OK,"Awal 2026, DBD di Bontang Serang Usia Muda, 51 Kasus dan 1 Kematian - Seputar Fakta",Seputar Fakta,https://news.google.com/rss/articles/CBMisAFBVV95cUxNRzNXalhSMm9FWWsxaV9YN0tDQktBSXJiYWgxYXFWVDhtRnJ3T2c3ZkZwN0N2b0d1T2RNQ1lfLU95d2JtYW1oLVVfT2NPVVdQSWxQdnRndEtDREt6dTNXTkpsMkZHX2dLdUJoMzdEYlJOdDlUS29NZlBKYUVpM0xYeEtSUF82N2wxUThKS01OQVlKSEU5d2FuYUh3ODQwbEIyeWJYRG5oaER2NXRSRGhSTg?oc=5,https://news.google.com/rss/articles/CBMisAFBVV95cUxNRzNXalhSMm9FWWsxaV9YN0tDQktBSXJiYWgxYXFWVDhtRnJ3T2c3ZkZwN0N2b0d1T2RNQ1lfLU95d2JtYW1oLVVfT2NPVVdQSWxQdnRndEtDREt6dTNXTkpsMkZHX2dLdUJoMzdEYlJOdDlUS29NZlBKYUVpM0xYeEtSUF82N2wxUThKS01OQVlKSEU5d2FuYUh3ODQwbEIyeWJYRG5oaER2NXRSRGhSTg?oc=5&hl=en-ID&gl=ID&ceid=ID:en,"Awal 2026, DBD di Bontang Serang Usia Muda, 51 Kasus dan 1 Kematian Seputar Fakta",0.7884397,116.2419977
"Mon, 13 Apr 2026 11:12:15 GMT",DBD,DBD,case_report,20,20,,none,0.0,,,EMPTY_LOC,"Tekan Kasus DBD, Warga Kariangau Didorong Rutin Lakukan 3M Plus - KaltimKita.com",KaltimKita.com,https://news.google.com/rss/articles/CBMinAFBVV95cUxOaFRlbjRaMHAwVlBUM014RTZSQzJIdGp0Ykpwa1hQcEpPYmJtM0NlWl95em01MFZsUWhkclEya0EwODAwSG5RbE1IZWJCeGxrQ2RqM1QwSVZFZDRBVnRWU2V3RjJCbDhMT3JQYzRtbHR5UFBYbk40WE9VZFlGTDZ1bUhNMG8xTzNYaG0wWS1oSDJwRnk3aWtQNHJfMU0?oc=5,https://news.google.com/rss/articles/CBMinAFBVV95cUxOaFRlbjRaMHAwVlBUM014RTZSQzJIdGp0Ykpwa1hQcEpPYmJtM0NlWl95em01MFZsUWhkclEya0EwODAwSG5RbE1IZWJCeGxrQ2RqM1QwSVZFZDRBVnRWU2V3RjJCbDhMT3JQYzRtbHR5UFBYbk40WE9VZFlGTDZ1bUhNMG8xTzNYaG0wWS1oSDJwRnk3aWtQNHJfMU0?oc=5&hl=en-ID&gl=ID&ceid=ID:en,"Tekan Kasus DBD, Warga Kariangau Didorong Rutin Lakukan 3M Plus KaltimKita.com",,
"Tue, 14 Apr 2026 09:40:09 GMT",DBD,DBD,case_report,25,25,Jambi,province,0.75,Jambi,,OK,"Pemkot Jambi Perkuat Sinergi Tekan Kasus DBD, Gelar Rakor Pokjanal 2026 - JambiSATU.id",JambiSATU.id,https://news.google.com/rss/articles/CBMiqwFBVV95cUxQLWJfc3BVTEJhbEE5Q3ZBaFVpZGtBYW1FLUdLT3FaSFNUUXZpWkxqZF8tVGVTUjgtaDFBem1BMWp1VlNmNGJ0TVdrMklPYU42ellQYkhabTZUUG9UYVFEZDYwTWZwSzlFa2VuUTFlc0l6THlHeUV0SzRacEs4eXRmNmNqSXpOUlJkam52RWo0d2pXdXR0UEtCa1ZXMXlrNmhjdndyMnljQkVxdk0?oc=5,https://news.google.com/rss/articles/CBMiqwFBVV95cUxQLWJfc3BVTEJhbEE5Q3ZBaFVpZGtBYW1FLUdLT3FaSFNUUXZpWkxqZF8tVGVTUjgtaDFBem1BMWp1VlNmNGJ0TVdrMklPYU42ellQYkhabTZUUG9UYVFEZDYwTWZwSzlFa2VuUTFlc0l6THlHeUV0SzRacEs4eXRmNmNqSXpOUlJkam52RWo0d2pXdXR0UEtCa1ZXMXlrNmhjdndyMnljQkVxdk0?oc=5&hl=en-ID&gl=ID&ceid=ID:en,"Pemkot Jambi Perkuat Sinergi Tekan Kasus DBD, Gelar Rakor Pokjanal 2026 JambiSATU.id",-1.7069965,102.7140041
"Sun, 12 Apr 2026 05:00:07 GMT",DBD,DBD,,10,20,Papua Barat,province,0.75,Papua Barat,,OK,"Cegah Penyakit Demam Berdarah (DBD) dan Malaria, Kodaeral XIV Sorong Laksanakan Fogging - Pelopor Wiratama",Pelopor Wiratama,https://news.google.com/rss/articles/CBMixAFBVV95cUxPMzhiQVNORWtXR21zNWdqVVBoWFlRaTM4YkVMNUp2QWlrNm9kaWV0MGpTeXcwa0dFRXhIb0haSk9RTkdudWtET2xpejFjWjRDM3NtV0Nwbm9TRFZrVHJyX0pYN3pwOGhVWENtREZnQTEyNk16WjdmeHhuNkpkbVFSYnNaeXAyRnNoa2xSN05TMWhfeVdTcUZfZ1kyRXFnRzdBRkNkU013VV9FZUU1MTVab2xqZDZESkJhS2sxdFFseXJJYjZB?oc=5,https://news.google.com/rss/articles/CBMixAFBVV95cUxPMzhiQVNORWtXR21zNWdqVVBoWFlRaTM4YkVMNUp2QWlrNm9kaWV0MGpTeXcwa0dFRXhIb0haSk9RTkdudWtET2xpejFjWjRDM3NtV0Nwbm9TRFZrVHJyX0pYN3pwOGhVWENtREZnQTEyNk16WjdmeHhuNkpkbVFSYnNaeXAyRnNoa2xSN05TMWhfeVdTcUZfZ1kyRXFnRzdBRkNkU013VV9FZUU1MTVab2xqZDZESkJhS2sxdFFseXJJYjZB?oc=5&hl=en-ID&gl=ID&ceid=ID:en,"Cegah Penyakit Demam Berdarah (DBD) dan Malaria, Kodaeral XIV Sorong Laksanakan Fogging Pelopor Wiratama",-2.8553556,133.4738171
"Mon, 13 Apr 2026 11:26:00 GMT",DBD,DBD,increase|case_report,40,40,,none,0.0,,,EMPTY_LOC,Rano Karno Ingatkan Warga soal Potensi Lonjakan Kasus DBD saat El Nino Melanda - Kompas.tv,Kompas.tv,https://news.google.com/rss/articles/CBMitwFBVV95cUxOem9sRTdUMW1XSHVYOEJiWmJkdW1iLXQ5eUVwTGZ1MXVDYXNVcVdoNVlaX3hZVTkxZElROWQ2SWplbnJNSlgwd3hTY21xX2RoYmJibm5GZGF6UGNWcGVXWG9JM3lKaV9SeFBNMmNHNnpmMXkyVUZKZU9PR25CaDZmQ1lfYVdwbFRQVnp4TVVCNW1iczhFWUh0N042VEVGVmN2UHlSSllvempzMW5JR2hZLXFvOElETjDSAbwBQVVfeXFMT1p0Z2wxS1k1NTh2aElQSUtWTU5TaHVfOUd5aWs3OWUwMUdJY2hmdDJhSDR5SmQxWDFYejZsSVk2bmZUcE9zcVQzR3VVRk5vZFZuWTUxREttd1BrbjBwM1hQZjl3dHotbTVKWnZnc3hLTEFjNWl6OEJXRmNpd1ZWQmo1aWU1Rm9JZGFWUjI4ek1zRlhQUWFONWpDZ201d0JTSnhNZGZCeXFDaHFHSlNtQUlvcDA2Zm1xLUlkTFU?oc=5,https://news.google.com/rss/articles/CBMitwFBVV95cUxOem9sRTdUMW1XSHVYOEJiWmJkdW1iLXQ5eUVwTGZ1MXVDYXNVcVdoNVlaX3hZVTkxZElROWQ2SWplbnJNSlgwd3hTY21xX2RoYmJibm5GZGF6UGNWcGVXWG9JM3lKaV9SeFBNMmNHNnpmMXkyVUZKZU9PR25CaDZmQ1lfYVdwbFRQVnp4TVVCNW1iczhFWUh0N042VEVGVmN2UHlSSllvempzMW5JR2hZLXFvOElETjDSAbwBQVVfeXFMT1p0Z2wxS1k1NTh2aElQSUtWTU5TaHVfOUd5aWs3OWUwMUdJY2hmdDJhSDR5SmQxWDFYejZsSVk2bmZUcE9zcVQzR3VVRk5vZFZuWTUxREttd1BrbjBwM1hQZjl3dHotbTVKWnZnc3hLTEFjNWl6OEJXRmNpd1ZWQmo1aWU1Rm9JZGFWUjI4ek1zRlhQUWFONWpDZ201d0JTSnhNZGZCeXFDaHFHSlNtQUlvcDA2Zm1xLUlkTFU?oc=5&hl=en-ID&gl=ID&ceid=ID:en,Rano Karno Ingatkan Warga soal Potensi Lonjakan Kasus DBD saat El Nino Melanda Kompas.tv,,
"Mon, 13 Apr 2026 14:55:00 GMT",DBD,DBD,,10,20,,none,0.0,,,EMPTY_LOC,Fenomena El Nino dapat Tingkatkan DBD - RRI.co.id,RRI.co.id,https://news.google.com/rss/articles/CBMifkFVX3lxTE5pbFR3U0pKYjNSUDctVDNEdE9ocFpRaWQzOXM1ajI5SlVjaW15RHFaOFpDZEM3Q0tjZXBVUV95YlFJZ1hrc0pJLTdLLThEcEFIRG5aYnJ1a0dBcVhlSnpGdlYxMXlJQUtsN3dnX2xtSGxWVmJBaDNWaFlyZ3FoZw?oc=5,https://news.google.com/rss/articles/CBMifkFVX3lxTE5pbFR3U0pKYjNSUDctVDNEdE9ocFpRaWQzOXM1ajI5SlVjaW15RHFaOFpDZEM3Q0tjZXBVUV95YlFJZ1hrc0pJLTdLLThEcEFIRG5aYnJ1a0dBcVhlSnpGdlYxMXlJQUtsN3dnX2xtSGxWVmJBaDNWaFlyZ3FoZw?oc=5&hl=en-ID&gl=ID&ceid=ID:en,Fenomena El Nino dapat Tingkatkan DBD RRI.co.id,,
"Tue, 14 Apr 2026 13:15:00 GMT",DBD,DBD,,15,20,Sumatera Utara,province,0.75,Sumatera Utara,,OK,Dinkes Medan Catat 100 Persen Kesembuhan DBD Awal 2026 - Mistar.id,Mistar.id,https://news.google.com/rss/articles/CBMikAFBVV95cUxNcGxuMXNROEtiRjkzT0dsOEtZU3dqcXhHWkdKMHZ1WVZTSTJfbjRWT19VQmlqUEpzMHhiZW9nWmtKT2pTOUJuXzBac3JVWGdoWUZyTUVjdDJHel91OTkwNWxla09xV1VjVHVabHUwTlZ5N0VUSFZDdFF3aGVxOU0wdWxHMDN1RHJsZlRSbTM2WjE?oc=5,https://news.google.com/rss/articles/CBMikAFBVV95cUxNcGxuMXNROEtiRjkzT0dsOEtZU3dqcXhHWkdKMHZ1WVZTSTJfbjRWT19VQmlqUEpzMHhiZW9nWmtKT2pTOUJuXzBac3JVWGdoWUZyTUVjdDJHel91OTkwNWxla09xV1VjVHVabHUwTlZ5N0VUSFZDdFF3aGVxOU0wdWxHMDN1RHJsZlRSbTM2WjE?oc=5&hl=en-ID&gl=ID&ceid=ID:en,Dinkes Medan Catat 100 Persen Kesembuhan DBD Awal 2026 Mistar.id,2.1923519,99.3812201
"Wed, 15 Apr 2026 11:00:28 GMT",DBD,DBD,,10,20,,none,0.0,,,EMPTY_LOC,"Cara Mencegah DBD Saat Musim Hujan, Ini yang Perlu Diperhatikan - detikcom",detikcom,https://news.google.com/rss/articles/CBMiqwFBVV95cUxOdTUyYTZJSWdDNGI0Zkx3RkgwdHRVMkxRTHlOazZYLUlXQ00tUkhVQWdtVTNnSjNkNjVXaU81c2pfSXZVRUV2Q3V5M1JQbGhLTTZXWkdYWmt2amdoTmw3ek1mRHJTYkhGSlptMl9mSWt1WGtuM29LNlcwSGJobWdrMnpVVWxBUmlDVWdLYmxPVVdCVms3c1hPWFB5R0VqTkRPelUzZmZiSzluN2fSAbABQVVfeXFMUHhmbHh0RWVfWFFza1VJZmtHUDViT3lwOTdpcXRsUlVORU9Vcm11NjZUWlprZkgyb2V5YVhRTlJvdjc3UHZEcGcyUXdYNnFPamp2SDJZMURGYVc1UkRnVVJZQkU2NGxiTkdzN1ZMZldGc1MyMXdoRUNQTnlQZUlfYURtYzJpem9DcWRuU1dHZ1lQcGhuTWdhanNFS3g3ZFNLanlZeEdBUFc4cVB6SmN4VUU?oc=5,https://news.google.com/rss/articles/CBMiqwFBVV95cUxOdTUyYTZJSWdDNGI0Zkx3RkgwdHRVMkxRTHlOazZYLUlXQ00tUkhVQWdtVTNnSjNkNjVXaU81c2pfSXZVRUV2Q3V5M1JQbGhLTTZXWkdYWmt2amdoTmw3ek1mRHJTYkhGSlptMl9mSWt1WGtuM29LNlcwSGJobWdrMnpVVWxBUmlDVWdLYmxPVVdCVms3c1hPWFB5R0VqTkRPelUzZmZiSzluN2fSAbABQVVfeXFMUHhmbHh0RWVfWFFza1VJZmtHUDViT3lwOTdpcXRsUlVORU9Vcm11NjZUWlprZkgyb2V5YVhRTlJvdjc3UHZEcGcyUXdYNnFPamp2SDJZMURGYVc1UkRnVVJZQkU2NGxiTkdzN1ZMZldGc1MyMXdoRUNQTnlQZUlfYURtYzJpem9DcWRuU1dHZ1lQcGhuTWdhanNFS3g3ZFNLanlZeEdBUFc4cVB6SmN4VUU?oc=5&hl=en-ID&gl=ID&ceid=ID:en,"Cara Mencegah DBD Saat Musim Hujan, Ini yang Perlu Diperhatikan detikcom",,
"Thu, 16 Apr 2026 20:20:43 GMT",DBD,DBD,increase|alert|case_report,60,60,Kepulauan Riau,province,0.75,Kepulauan Riau,,OK,"116 Kasus DBD di Triwulan I 2026, Dinkes Batam Ingatkan Waspada Lonjakan Musiman - Batam Pos",Batam Pos,https://news.google.com/rss/articles/CBMitAFBVV95cUxNelJDeHJBOEM0TnJlRnhjdWN4V21KNHJOS05Sa2RCOFc1a3hwNlNmMzdVbzZCRzFZak9iVGxhdE9tTVVtYVhYNUcxVHFIVUVNTUZUMlZwSXR3dGJTVGpTQUtYZ3NrVGd2SVNsbnBiMTV0MHM1dk45VVc4YWNIanBDTElpTUhoMU9ILTNoMVl0c1NqNVd3RmU4V2RRS1IzcVJPWmRXS0pYVWROY2VGRlNWWE1OVGU?oc=5,https://news.google.com/rss/articles/CBMitAFBVV95cUxNelJDeHJBOEM0TnJlRnhjdWN4V21KNHJOS05Sa2RCOFc1a3hwNlNmMzdVbzZCRzFZak9iVGxhdE9tTVVtYVhYNUcxVHFIVUVNTUZUMlZwSXR3dGJTVGpTQUtYZ3NrVGd2SVNsbnBiMTV0MHM1dk45VVc4YWNIanBDTElpTUhoMU9ILTNoMVl0c1NqNVd3RmU4V2RRS1IzcVJPWmRXS0pYVWROY2VGRlNWWE1OVGU?oc=5&hl=en-ID&gl=ID&ceid=ID:en,"116 Kasus DBD di Triwulan I 2026, Dinkes Batam Ingatkan Waspada Lonjakan Musiman Batam Pos",-0.1547846,104.5803745
"Sun, 19 Apr 2026 04:05:41 GMT",DBD,DBD,,10,20,Banten,province,0.75,Banten,,OK,"Cegah DBD, Dinkes Cilegon Lakukan Gertak PSN - Berita Cilegon",Berita Cilegon,https://news.google.com/rss/articles/CBMiogFBVV95cUxNQTl1aU5jR09XZEpTdmIxalREUGkxb3h4YVlENXMxNnkwLUZmU2d0SEwwd0lXNU1VZ2pwUjBFbkYyWWpSLXhFenNIdXBjZGRCUjRGX3VTY2JVTnBpX2gzSE9qUmw2Zl8wRHlueDNOekpaNkJTU3d2YWNXby1rREVLVzRRampNNzk3ajNtallfMm1Xc1pLblBSZXVDSGVNUTBoUFE?oc=5,https://news.google.com/rss/articles/CBMiogFBVV95cUxNQTl1aU5jR09XZEpTdmIxalREUGkxb3h4YVlENXMxNnkwLUZmU2d0SEwwd0lXNU1VZ2pwUjBFbkYyWWpSLXhFenNIdXBjZGRCUjRGX3VTY2JVTnBpX2gzSE9qUmw2Zl8wRHlueDNOekpaNkJTU3d2YWNXby1rREVLVzRRampNNzk3ajNtallfMm1Xc1pLblBSZXVDSGVNUTBoUFE?oc=5&hl=en-ID&gl=ID&ceid=ID:en,"Cegah DBD, Dinkes Cilegon Lakukan Gertak PSN Berita Cilegon",-6.4453801,106.1375586
"Thu, 16 Apr 2026 07:00:00 GMT",DBD,DBD,,10,20,,none,0.0,,,EMPTY_LOC,Kader Kesehatan Didorong Jadi Garda Pengendalian Malaria dan DBD di IKN - InfoPublik,InfoPublik,https://news.google.com/rss/articles/CBMie0FVX3lxTFB4SFk3ZzNHTURESnJrN3ZZUDNlaWdUc0c0NTU5QlhSTmQwSTBtdy13ODItTTlkOTNicER0ZG16SjBLQVZYU0tGRzgyVGk4a2N3Si1ZSGhoUWxtdzd2UVB1aHNRQmpVV0h1Nks4dUpEeEY4clZvLWVTUnQ2cw?oc=5,https://news.google.com/rss/articles/CBMie0FVX3lxTFB4SFk3ZzNHTURESnJrN3ZZUDNlaWdUc0c0NTU5QlhSTmQwSTBtdy13ODItTTlkOTNicER0ZG16SjBLQVZYU0tGRzgyVGk4a2N3Si1ZSGhoUWxtdzd2UVB1aHNRQmpVV0h1Nks4dUpEeEY4clZvLWVTUnQ2cw?oc=5&hl=en-ID&gl=ID&ceid=ID:en,Kader Kesehatan Didorong Jadi Garda Pengendalian Malaria dan DBD di IKN InfoPublik,,
"Sun, 12 Apr 2026 13:28:36 GMT",DBD,DBD,,10,20,,none,0.0,,,EMPTY_LOC,Rano Karno ingatkan warga Jakarta soal potensi DBD imbas El Nino - ANTARA News,ANTARA News,https://news.google.com/rss/articles/CBMiqgFBVV95cUxNc0ZIZmVMMGd2X3RhaFZMLUFtUGZXTFdDU3hMWGtEMkl5U0lpTFFpTDVsck9GWndkYjVJZ1J0MDlxeUliWEYzNzdxeTV1em8yanI4MWJyVFhQazJiR2dCNU1MZVQxeUM4OUt5X05lOVFRZXhYUkNWc09kTF91UVluQkIwZk1mVXVRQWdKVVpFaklDT1d3TUV6S2o4dUJBS3g2cmdhX2QyaWlzZ9IBrAFBVV95cUxPNElxREtoMjBzalFhOVVTS21NUEpQV3VIM1U5ejlTcnZMekFHd3lndWF5OVZnU09oRDd2dmQzcnB3WFYxVU96Z3p4YkdSRVFqb2RBUGtjTVk5ZERFQ2lsV2hsVFYyM1U1Sm5BZW52NC1DUmg0QndRcDV5M2hSV2dtcWthNXRVUkZOdElVam9OU2k4U0IzX1J1YmF0QUd3d3RtLUNlUzk3Q1o1Tjdt?oc=5,https://news.google.com/rss/articles/CBMiqgFBVV95cUxNc0ZIZmVMMGd2X3RhaFZMLUFtUGZXTFdDU3hMWGtEMkl5U0lpTFFpTDVsck9GWndkYjVJZ1J0MDlxeUliWEYzNzdxeTV1em8yanI4MWJyVFhQazJiR2dCNU1MZVQxeUM4OUt5X05lOVFRZXhYUkNWc09kTF91UVluQkIwZk1mVXVRQWdKVVpFaklDT1d3TUV6S2o4dUJBS3g2cmdhX2QyaWlzZ9IBrAFBVV95cUxPNElxREtoMjBzalFhOVVTS21NUEpQV3VIM1U5ejlTcnZMekFHd3lndWF5OVZnU09oRDd2dmQzcnB3WFYxVU96Z3p4YkdSRVFqb2RBUGtjTVk5ZERFQ2lsV2hsVFYyM1U1Sm5BZW52NC1DUmg0QndRcDV5M2hSV2dtcWthNXRVUkZOdElVam9OU2k4U0IzX1J1YmF0QUd3d3RtLUNlUzk3Q1o1Tjdt?oc=5&hl=en-ID&gl=ID&ceid=ID:en,Rano Karno ingatkan warga Jakarta soal potensi DBD imbas El Nino ANTARA News,,
"Sat, 18 Apr 2026 11:49:01 GMT",DBD,DBD,,10,20,Banten,province,0.75,Banten,,OK,"Gencarkan Kerja Bakti, Wali Kota Helldy Minta Lurah Libatkan Masyarakat Berantas DBD - Berita Cilegon",Berita Cilegon,https://news.google.com/rss/articles/CBMizAFBVV95cUxQRzRaMS1YcWR5SlhneUhVZEFTbEg1aEU1bkVYaklkOS1iZ0o1Q29OTTZpN09NNEpHTm52cTVkZEloWmVPNmwzTk40eEFPLUlobEZsR0N6YW9kRWg5VGd5azZCWFM5Snp4bjdfRnE3MmFpc3o2dnNZbVEzTWFJTmtBT09YSUJ4a2lncWJNam12Q2ZsQ1NBajlzbURxR0JPamJOZndQLTZ0dzEyQnd2VFR5QzM0bVZWWGtFT0k3cGF6MV9QbE1RY1dxdjVDSl8?oc=5,https://news.google.com/rss/articles/CBMizAFBVV95cUxQRzRaMS1YcWR5SlhneUhVZEFTbEg1aEU1bkVYaklkOS1iZ0o1Q29OTTZpN09NNEpHTm52cTVkZEloWmVPNmwzTk40eEFPLUlobEZsR0N6YW9kRWg5VGd5azZCWFM5Snp4bjdfRnE3MmFpc3o2dnNZbVEzTWFJTmtBT09YSUJ4a2lncWJNam12Q2ZsQ1NBajlzbURxR0JPamJOZndQLTZ0dzEyQnd2VFR5QzM0bVZWWGtFT0k3cGF6MV9QbE1RY1dxdjVDSl8?oc=5&hl=en-ID&gl=ID&ceid=ID:en,"Gencarkan Kerja Bakti, Wali Kota Helldy Minta Lurah Libatkan Masyarakat Berantas DBD Berita Cilegon",-6.4453801,106.1375586
"Tue, 14 Apr 2026 06:48:57 GMT",DBD,DBD,case_report,25,25,Pademangan Jakut,unknown,0.55,,,SKIP_LOW_CONF,Puskesmas telusuri 22 kasus terindikasi DBD di Pademangan Jakut - ANTARA News,ANTARA News,https://news.google.com/rss/articles/CBMiqAFBVV95cUxQZDlqSmxtTm4wX0ZVTkc4TjBraUlqM2s5VzhCUTdzdnMyT0o0TXJ4NEhwbS1hQzcwb0dNbGZvMXRzM2U1amNDX1lXT2ZzWjBKQ3BqMllLMzI3bHVGR0EwcUw4R0RZbWp6ajc4WHZ6YUpYYm5XdE9weFRNWU8zdGVLSHNaYmtmbXY5ZnRibF9hMVJrYUtIN3ZvTU4wX2NudGh4dGlRMldvYVbSAasBQVVfeXFMTi1RR3pFZ0tvYjNoNENldndIRmdGclNDMnBzNzZ2Qml1MDVTb1lfbEt5b21HZ3NudkhPMHcyR2NCVmV3VFJLcHhKOUxKYUdZcWJ2MVlKV2NxNWxabzdNdFA3bEJiTWp1bVpfNEpXM2RsckVoN2lrRmowUFpuMWV4OVFwSE9fbnlwVmdOcUxPanR1eEJGdjVEbXcwR0RGT2dhODNmM2lqS2tHMHNR?oc=5,https://news.google.com/rss/articles/CBMiqAFBVV95cUxQZDlqSmxtTm4wX0ZVTkc4TjBraUlqM2s5VzhCUTdzdnMyT0o0TXJ4NEhwbS1hQzcwb0dNbGZvMXRzM2U1amNDX1lXT2ZzWjBKQ3BqMllLMzI3bHVGR0EwcUw4R0RZbWp6ajc4WHZ6YUpYYm5XdE9weFRNWU8zdGVLSHNaYmtmbXY5ZnRibF9hMVJrYUtIN3ZvTU4wX2NudGh4dGlRMldvYVbSAasBQVVfeXFMTi1RR3pFZ0tvYjNoNENldndIRmdGclNDMnBzNzZ2Qml1MDVTb1lfbEt5b21HZ3NudkhPMHcyR2NCVmV3VFJLcHhKOUxKYUdZcWJ2MVlKV2NxNWxabzdNdFA3bEJiTWp1bVpfNEpXM2RsckVoN2lrRmowUFpuMWV4OVFwSE9fbnlwVmdOcUxPanR1eEJGdjVEbXcwR0RGT2dhODNmM2lqS2tHMHNR?oc=5&hl=en-ID&gl=ID&ceid=ID:en,Puskesmas telusuri 22 kasus terindikasi DBD di Pademangan Jakut ANTARA News,,
"Tue, 14 Apr 2026 04:41:48 GMT",DBD,DBD,,10,20,Bengkulu,province,0.75,Bengkulu,,OK,Mukomuko siapkan anggaran pencegahan DBD Rp100 juta - ANTARA News Bengkulu,ANTARA News Bengkulu,https://news.google.com/rss/articles/CBMingFBVV95cUxQa2s3Mm03T01EUnc5QzZNbWlOSGdqZ1NVdWl2ZFZSVFU5Q3NsNFJmLWFMcmhXMmJJSTlNOHItWW1pemFQd2hYS211TXhsVzRfQmd5aE1yZXJHNWZ6bTJ0Q2R1Q1lwSUpDa3N0ZFVIMGdPMzk0WXJQMldXTDd2c2kyalJTOW52OHlRUW5YRzFPWk5XY1NWNVQxUExtNjl0d9IBowFBVV95cUxPQ1NKTjZlV1FKOElhNWh3Ry1KYl9mRDVWbkMzOWtEdmppV1hVUlNkVFNoYkRjMFZBd0dFQm5RNkZsVkYwMEp4ZmhNTVl5NmVLVjItX1p1RG51OUxMOUNqdTFrRHk2NHJtOUxEOEt1T0FOZU5TbFlYd3cycWNWQ0pRbnBkUXV5amtKRnFNQTVabjFoMWNVemM1Qll5T1lxdElCcmFn?oc=5,https://news.google.com/rss/articles/CBMingFBVV95cUxQa2s3Mm03T01EUnc5QzZNbWlOSGdqZ1NVdWl2ZFZSVFU5Q3NsNFJmLWFMcmhXMmJJSTlNOHItWW1pemFQd2hYS211TXhsVzRfQmd5aE1yZXJHNWZ6bTJ0Q2R1Q1lwSUpDa3N0ZFVIMGdPMzk0WXJQMldXTDd2c2kyalJTOW52OHlRUW5YRzFPWk5XY1NWNVQxUExtNjl0d9IBowFBVV95cUxPQ1NKTjZlV1FKOElhNWh3Ry1KYl9mRDVWbkMzOWtEdmppV1hVUlNkVFNoYkRjMFZBd0dFQm5RNkZsVkYwMEp4ZmhNTVl5NmVLVjItX1p1RG51OUxMOUNqdTFrRHk2NHJtOUxEOEt1T0FOZU5TbFlYd3cycWNWQ0pRbnBkUXV5amtKRnFNQTVabjFoMWNVemM1Qll5T1lxdElCcmFn?oc=5&hl=en-ID&gl=ID&ceid=ID:en,Mukomuko siapkan anggaran pencegahan DBD Rp100 juta ANTARA News Bengkulu,-4.0035184,101.8393474
"Tue, 14 Apr 2026 09:12:00 GMT",DBD,DBD,death|case_report,55,55,Sumatera Utara,province,0.75,Sumatera Utara,,OK,"Kasus DBD di Medan 2025 Capai 875, Dua Warga Meninggal Dunia - Mistar.id",Mistar.id,https://news.google.com/rss/articles/CBMilwFBVV95cUxOOWdQZUlaSmdPNnFZd29UMjJHWnZMTUs5YnFvWGhGQ2ZlYXZ0NVNQSXBSZzlwS1RzTEk1NTVjTW14dzFrNW5SdlBQLUZXaC10b0hidExLUlpFSHNlZ0F1WkRXek40cWFhR3hFemFBX3dTVlNRX1h6Z2U5TVdGSWxBRl9WSnlHYzNHX0gwYmpjSFo0c2dNUW4w?oc=5,https://news.google.com/rss/articles/CBMilwFBVV95cUxOOWdQZUlaSmdPNnFZd29UMjJHWnZMTUs5YnFvWGhGQ2ZlYXZ0NVNQSXBSZzlwS1RzTEk1NTVjTW14dzFrNW5SdlBQLUZXaC10b0hidExLUlpFSHNlZ0F1WkRXek40cWFhR3hFemFBX3dTVlNRX1h6Z2U5TVdGSWxBRl9WSnlHYzNHX0gwYmpjSFo0c2dNUW4w?oc=5&hl=en-ID&gl=ID&ceid=ID:en,"Kasus DBD di Medan 2025 Capai 875, Dua Warga Meninggal Dunia Mistar.id",2.1923519,99.3812201
"Sat, 18 Apr 2026 06:45:08 GMT",DBD,DBD,,15,20,Lampung,province,0.75,Lampung,,OK,"Cegah Penyebaran Demam Berdarah, Kodim 0424/Tanggamus Laksanakan Fogging - kodim0424.tni-ad.mil.id",kodim0424.tni-ad.mil.id,https://news.google.com/rss/articles/CBMipwFBVV95cUxNRHdSVFNHMks0aTVELTV2VDZCWE83aHVfQ2NJVGVNSGpHWUNib2F5Y212a25iSWRzdU5wSkZyc2RUd2luUjhQTHRZeHRXdm5PcV9HVkhIb3EyMlpWczlpSzR2N0JRaHBhZDBVVVpGNW9JSkZ0b2xVdXAxcTN6SFJWUDY4WFRlNzRhNmMyVHlXWjEwWGNlaElIWXdiWlFUeE85NUNnb19COA?oc=5,https://news.google.com/rss/articles/CBMipwFBVV95cUxNRHdSVFNHMks0aTVELTV2VDZCWE83aHVfQ2NJVGVNSGpHWUNib2F5Y212a25iSWRzdU5wSkZyc2RUd2luUjhQTHRZeHRXdm5PcV9HVkhIb3EyMlpWczlpSzR2N0JRaHBhZDBVVVpGNW9JSkZ0b2xVdXAxcTN6SFJWUDY4WFRlNzRhNmMyVHlXWjEwWGNlaElIWXdiWlFUeE85NUNnb19COA?oc=5&hl=en-ID&gl=ID&ceid=ID:en,"Cegah Penyebaran Demam Berdarah, Kodim 0424/Tanggamus Laksanakan Fogging kodim0424.tni-ad.mil.id",-4.8555039,105.0272986
"Thu, 16 Apr 2026 10:26:00 GMT",DBD,DBD,case_report,25,25,Sumatera Utara,province,0.75,Sumatera Utara,,OK,"15 Puskesmas di Medan dengan Kasus DBD Tertinggi 2025, Medan Deli Paling Banyak - Mistar.id",Mistar.id,https://news.google.com/rss/articles/CBMisAFBVV95cUxNQ0dpOFhiTFlrTjhTbWFOYWV0RFp0d0FZX1F3azJiSlpGbVdraVJJRl9mNmwwd2MzZl81Sm9neF9DZWRtazZiSk5FZ2p6Y05kSnVPSmtaaTBpTElvS2tCRkYzYTlaMWN0SmhUNmFTa2tMYTA5UmNLMzVFbkp2TXRsNUgtWGk3dHR5dENaQVBiMGtFYmRKak01WktIT0Q0ZHZraGVzNU42NVg2MHYtV0xibw?oc=5,https://news.google.com/rss/articles/CBMisAFBVV95cUxNQ0dpOFhiTFlrTjhTbWFOYWV0RFp0d0FZX1F3azJiSlpGbVdraVJJRl9mNmwwd2MzZl81Sm9neF9DZWRtazZiSk5FZ2p6Y05kSnVPSmtaaTBpTElvS2tCRkYzYTlaMWN0SmhUNmFTa2tMYTA5UmNLMzVFbkp2TXRsNUgtWGk3dHR5dENaQVBiMGtFYmRKak01WktIT0Q0ZHZraGVzNU42NVg2MHYtV0xibw?oc=5&hl=en-ID&gl=ID&ceid=ID:en,"15 Puskesmas di Medan dengan Kasus DBD Tertinggi 2025, Medan Deli Paling Banyak Mistar.id",2.1923519,99.3812201
"Sat, 18 Apr 2026 14:09:35 GMT",DBD,DBD,case_report,20,20,Blang Bintang,unknown,0.55,,,SKIP_LOW_CONF,"Kasus DBD Muncul, Petugas Lakukan Fogging di Blang Bintang - masakini.co",masakini.co,https://news.google.com/rss/articles/CBMikwFBVV95cUxPVW1zYzQwWDNvZ3g4dkI3SlRuQkNrdXR5ZnRKeXFpV1dGTjNZbGdJR0hCazhnWlBsand5LV83aVVjOGVDY0NVa3M5ampoZEV6cDg3bVpTbjA0Q0pzUWtLRWpWS2NSS2thQVRWMGZkeWFacHhxcTZ5aHZidjdTTE5lcnVuczRvZVFBQWFXN0dTbHZCRVk?oc=5,https://news.google.com/rss/articles/CBMikwFBVV95cUxPVW1zYzQwWDNvZ3g4dkI3SlRuQkNrdXR5ZnRKeXFpV1dGTjNZbGdJR0hCazhnWlBsand5LV83aVVjOGVDY0NVa3M5ampoZEV6cDg3bVpTbjA0Q0pzUWtLRWpWS2NSS2thQVRWMGZkeWFacHhxcTZ5aHZidjdTTE5lcnVuczRvZVFBQWFXN0dTbHZCRVk?oc=5&hl=en-ID&gl=ID&ceid=ID:en,"Kasus DBD Muncul, Petugas Lakukan Fogging di Blang Bintang masakini.co",,
"Thu, 16 Apr 2026 12:57:00 GMT",DBD,DBD,alert,25,45,,none,0.0,,,EMPTY_LOC,"Waspada DBD di tengah Pancaroba, Masyarakat Diimbau Gencarkan PSN - RRI.co.id",RRI.co.id,https://news.google.com/rss/articles/CBMisAFBVV95cUxQMDB2WENmU3FndEgzOXlsVEt3cVdrYTBkdnpYcm9xVFBCS0ZySTNUczcxSk9Rc1JHdk5idlNOM3R5eDZFZ2tkQ3AyNDVDbkZjdG1xRFpxb294SmYyRUhWcGszcHdXUVJycHpRT1RndU91cGFHT0FPc2duZEVXYUgwcDMzTFVsQkNlYnBmSFo0OUdPbmtpTVRqRGNaZDA5d1c4QzdQQVowMmc3LWtneWVwaw?oc=5,https://news.google.com/rss/articles/CBMisAFBVV95cUxQMDB2WENmU3FndEgzOXlsVEt3cVdrYTBkdnpYcm9xVFBCS0ZySTNUczcxSk9Rc1JHdk5idlNOM3R5eDZFZ2tkQ3AyNDVDbkZjdG1xRFpxb294SmYyRUhWcGszcHdXUVJycHpRT1RndU91cGFHT0FPc2duZEVXYUgwcDMzTFVsQkNlYnBmSFo0OUdPbmtpTVRqRGNaZDA5d1c4QzdQQVowMmc3LWtneWVwaw?oc=5&hl=en-ID&gl=ID&ceid=ID:en,"Waspada DBD di tengah Pancaroba, Masyarakat Diimbau Gencarkan PSN RRI.co.id",,
"Fri, 17 Apr 2026 13:28:00 GMT",DBD,DBD,case_report,20,20,Sumatera Utara,province,0.75,Sumatera Utara,,OK,"Kabar Baik! Kasus DBD di Pematangsiantar Turun, Tapi Anak-anak Masih Rentan - Mistar.id",Mistar.id,https://news.google.com/rss/articles/CBMiqAFBVV95cUxNaFMtXzF4cGVEcjhwc1VNSjhndVhkeHZ0cDBJMl9IMW5NSENzV01sTlZqLVBZWl9Bc0hydDZDbmJ4REdHdk9MRDNYN1ZoUEF0Um9Dc1pyVzRacm5GVjJFRjg1MElIS2R5eV9UMFRkTDNVZWI1UEJsRi0zMjk2cU1YNVI0VW1CcEJ5em8xUFBuTVZyWUY3TTBYYmprN2ZPdTVoZl9MY2J6Znc?oc=5,https://news.google.com/rss/articles/CBMiqAFBVV95cUxNaFMtXzF4cGVEcjhwc1VNSjhndVhkeHZ0cDBJMl9IMW5NSENzV01sTlZqLVBZWl9Bc0hydDZDbmJ4REdHdk9MRDNYN1ZoUEF0Um9Dc1pyVzRacm5GVjJFRjg1MElIS2R5eV9UMFRkTDNVZWI1UEJsRi0zMjk2cU1YNVI0VW1CcEJ5em8xUFBuTVZyWUY3TTBYYmprN2ZPdTVoZl9MY2J6Znc?oc=5&hl=en-ID&gl=ID&ceid=ID:en,"Kabar Baik! Kasus DBD di Pematangsiantar Turun, Tapi Anak-anak Masih Rentan Mistar.id",2.1923519,99.3812201
"Thu, 16 Apr 2026 04:13:00 GMT",DBD,DBD,,10,20,,none,0.0,,,EMPTY_LOC,Bhabinkamtibmas Desa Bomari Bersama Puskesmas Langa Gelar Penyuluhan Bahaya DBD - RRI.co.id,RRI.co.id,https://news.google.com/rss/articles/CBMiuwFBVV95cUxOMkpjMjJfWTBJSjFxNEhpeGpmYzVlQmRYdDRJX05WQldYXzk2bWU5U0tYNzVEdnh3NkJQSHlCd0JrOGZvRzZWV2NWWFJORkNLUDRGNmJCT3hRMlMwcnQxRG16M29oWFZkRkl2Q3dhdFlSYXR0MVIzLWtZR01xRGRGemZKell1YWtfYkh6UGoxbm5LckpQZS1JQ3ZrWG1CcjVxQmpQX0JZTEEyWnlHYjBUQ3I3SXlQaGZCSk5J?oc=5,https://news.google.com/rss/articles/CBMiuwFBVV95cUxOMkpjMjJfWTBJSjFxNEhpeGpmYzVlQmRYdDRJX05WQldYXzk2bWU5U0tYNzVEdnh3NkJQSHlCd0JrOGZvRzZWV2NWWFJORkNLUDRGNmJCT3hRMlMwcnQxRG16M29oWFZkRkl2Q3dhdFlSYXR0MVIzLWtZR01xRGRGemZKell1YWtfYkh6UGoxbm5LckpQZS1JQ3ZrWG1CcjVxQmpQX0JZTEEyWnlHYjBUQ3I3SXlQaGZCSk5J?oc=5&hl=en-ID&gl=ID&ceid=ID:en,Bhabinkamtibmas Desa Bomari Bersama Puskesmas Langa Gelar Penyuluhan Bahaya DBD RRI.co.id,,
"Tue, 14 Apr 2026 02:50:00 GMT",DBD,DBD,alert|case_report,40,45,Bali,province,0.75,Bali,,OK,"DBD Buleleng Capai 109 Kasus, Dinkes Minta Masyarakat Tingkatkan Kewaspadaan - RRI.co.id",RRI.co.id,https://news.google.com/rss/articles/CBMivAFBVV95cUxOTTVhcUFiRk1ESkZMZUlwM3ZBSDBIeW5QLXlzV19KMnA4cEpDdzNkOThCclZUcHpJZHNKa19MbDE3Q3VJREc0UDk4UjNCbkRrV3AzcU5WcE5rdHNPUlYwU3ZHUnhtekF6dHdaVU1CUS1FcDVZOHJlVlJQdlJTX1dHSmY1azY1a0tGa3Ruc0pVTnBnRHdVU0s0TllfX2UxNWxRLWZzaU8wSUVtRUhQcDJoTzducm9rNGtUNUZfMw?oc=5,https://news.google.com/rss/articles/CBMivAFBVV95cUxOTTVhcUFiRk1ESkZMZUlwM3ZBSDBIeW5QLXlzV19KMnA4cEpDdzNkOThCclZUcHpJZHNKa19MbDE3Q3VJREc0UDk4UjNCbkRrV3AzcU5WcE5rdHNPUlYwU3ZHUnhtekF6dHdaVU1CUS1FcDVZOHJlVlJQdlJTX1dHSmY1azY1a0tGa3Ruc0pVTnBnRHdVU0s0TllfX2UxNWxRLWZzaU8wSUVtRUhQcDJoTzducm9rNGtUNUZfMw?oc=5&hl=en-ID&gl=ID&ceid=ID:en,"DBD Buleleng Capai 109 Kasus, Dinkes Minta Masyarakat Tingkatkan Kewaspadaan RRI.co.id",-8.2271303,115.1919203
"Tue, 14 Apr 2026 01:56:59 GMT",DBD,DBD,increase|case_report,40,45,Bali,province,0.75,Bali,,OK,"Kasus DBD Meningkat, Dinkes Buleleng Temukan Sejumlah Titik Jentik - Bali Portal News",Bali Portal News,https://news.google.com/rss/articles/CBMiowFBVV95cUxPZGZ6YWFPcnlwQ29BRi1RTTFZY0xjdTBUa1BYSjNwdHM2TTVXNUxTRlJSUUkyenhwQUQ4MFhhX09wY2l5eWY5eGh3eUJzdmtBalhoZ0U3d2xRWmo5UVhUWmUycVp4SDlTLU0wWTZ0U2VydUYwS2VyNTB4ODEzNEt0bjhST0JlT09ORmtuQl9kdzZ3XzZVR05wVjA3c0RNcXRYN0lz?oc=5,https://news.google.com/rss/articles/CBMiowFBVV95cUxPZGZ6YWFPcnlwQ29BRi1RTTFZY0xjdTBUa1BYSjNwdHM2TTVXNUxTRlJSUUkyenhwQUQ4MFhhX09wY2l5eWY5eGh3eUJzdmtBalhoZ0U3d2xRWmo5UVhUWmUycVp4SDlTLU0wWTZ0U2VydUYwS2VyNTB4ODEzNEt0bjhST0JlT09ORmtuQl9kdzZ3XzZVR05wVjA3c0RNcXRYN0lz?oc=5&hl=en-ID&gl=ID&ceid=ID:en,"Kasus DBD Meningkat, Dinkes Buleleng Temukan Sejumlah Titik Jentik Bali Portal News",-8.2271303,115.1919203
"Tue, 14 Apr 2026 04:09:00 GMT",DBD,DBD,case_report,25,25,,none,0.0,,,EMPTY_LOC,"Triwulan 1, Kasus DBD Alami Penurunan - RRI.co.id",RRI.co.id,https://news.google.com/rss/articles/CBMihwFBVV95cUxPTEtTa0IzeTlGLVNLUTBHZU5hZ1kzazlYX2hQYXhUV3hHZ3VXVFBTVUE1QW5DV3d3LUFlLVRXMEhaOTlVOXpPOG5ySFhTdWJrQWRHUWYxZmJudER3LXJNNEU0TWZOeXFhRW1RNDh4N2pZVW1yZFBMSzFDTGtaSWVNN3Yzc0phWms?oc=5,https://news.google.com/rss/articles/CBMihwFBVV95cUxPTEtTa0IzeTlGLVNLUTBHZU5hZ1kzazlYX2hQYXhUV3hHZ3VXVFBTVUE1QW5DV3d3LUFlLVRXMEhaOTlVOXpPOG5ySFhTdWJrQWRHUWYxZmJudER3LXJNNEU0TWZOeXFhRW1RNDh4N2pZVW1yZFBMSzFDTGtaSWVNN3Yzc0phWms?oc=5&hl=en-ID&gl=ID&ceid=ID:en,"Triwulan 1, Kasus DBD Alami Penurunan RRI.co.id",,